chr1,5021600,5024300,-1
chr1,6729233,6730318,-1
chr1,11026040,11028544,-1
chr1,12614812,12617322,-1
chr1,13003747,13006556,-1
chr1,18388786,18390258,-1
chr1,18955282,18957504,-1
chr1,19106734,19107712,-1
chr1,19557948,19558842,-1
chr1,19699458,19700530,-1
chr1,20106392,20107514,-1
chr1,20919958,20922635,-1
chr1,31101599,31104444,-1
chr1,33989736,33992240,-1
chr1,38196744,38201861,-1
chr1,39441763,39444709,-1
chr1,39945610,39950472,-1
chr1,40942806,40944270,-1
chr1,40954286,40955586,-1
chr1,40967280,40968275,-1
chr1,41143600,41146576,-1
chr1,41165839,41167312,-1
chr1,41274880,41276860,1
chr1,41388600,41391399,-1
chr1,41426651,41428589,-1
chr1,41429480,41432117,-1
chr1,41558535,41559896,-1
chr1,41603695,41607210,-1
chr1,41810882,41811922,-1
chr1,41812941,41815356,-1
chr1,41896304,41898180,-1
chr1,41917498,41920605,-1
chr1,41935262,41937041,-1
chr1,41981433,41982259,-1
chr1,42242415,42244647,-1
chr1,42255267,42258543,-1
chr1,42258657,42259850,-1
chr1,42365768,42366767,-1
chr1,42423142,42424011,-1
chr1,42471587,42473853,-1
chr1,42521380,42523862,-1
chr1,42538720,42541030,-1
chr1,42678245,42679419,-1
chr1,42690175,42692711,-1
chr1,42740655,42742396,-1
chr1,42888323,42889246,-1
chr1,52079533,52080137,-1
chr1,54904981,54908576,-1
chr1,55947134,55948986,-1
chr1,56286330,56287543,-1
chr1,56403047,56404314,-1
chr1,58952904,58956413,-1
chr1,59340862,59342046,-1
chr1,67365819,67367727,-1
chr1,68045929,68048127,-1
chr1,68779329,68782031,-1
chr1,68864846,68866697,-1
chr1,74030234,74032407,-1
chr1,75288287,75291172,-1
chr1,75347166,75347630,-1
chr1,75405255,75409484,-1
chr1,75769003,75773592,1
chr1,75832718,75835169,1
chr1,78114828,78115847,-1
chr1,78184099,78185294,-1
chr1,78966374,78968073,-1
chr1,81520227,81522255,-1
chr1,84548810,84551347,-1
chr1,86487834,86492772,-1
chr1,89713750,89714911,1
chr1,89847708,89849945,1
chr1,89925517,89926000,-1
chr1,90006776,90007806,-1
chr1,90246249,90247693,-1
chr1,90288936,90290388,-1
chr1,90753352,90755909,-1
chr1,90976559,90981159,-1
chr1,91208179,91212307,-1
chr1,91962928,91965960,-1
chr1,92718794,92721273,-1
chr1,92785989,92787910,1
chr1,97538497,97542741,-1
chr1,98187843,98193254,1
chr1,109514248,109514854,-1
chr1,118776527,118778050,-1
chr1,118988412,118994613,-1
chr1,127530776,127531768,-1
chr1,127754802,127759066,-1
chr1,129954812,129956885,-1
chr1,133079894,133080923,-1
chr1,133549313,133550886,-1
chr1,133744227,133745595,-1
chr1,138405489,138407331,-1
chr1,138499160,138501332,-1
chr1,148482151,148483266,-1
chr1,154033856,154034857,-1
chr1,155038429,155040658,-1
chr1,158265467,158268046,-1
chr1,162074031,162077560,1
chr1,162830457,162833967,1
chr1,163897222,163899818,1
chr1,165934235,165936308,-1
chr1,168168620,168170074,-1
chr1,168268573,168269857,-1
chr1,168294792,168296738,-1
chr1,168299765,168300981,-1
chr1,168327072,168328498,-1
chr1,168341598,168342834,-1
chr1,168357094,168358536,-1
chr1,168760969,168763111,-1
chr1,168908406,168909388,-1
chr1,168991095,168992057,-1
chr1,169343700,169345192,1
chr1,169385395,169386298,-1
chr1,169476673,169478008,-1
chr1,177150037,177151455,-1
chr1,177171230,177171899,-1
chr1,177447324,177448425,-1
chr1,179385809,179386339,-1
chr1,180208458,180212549,-1
chr1,180268494,180269405,-1
chr1,181255937,181259663,-1
chr1,182109962,182112053,-1
chr1,184041273,184042782,-1
chr1,186908317,186910078,-1
chr1,186922311,186923506,-1
chr1,187248278,187249479,-1
chr1,188118947,188119938,-1
chr1,188883844,188885252,-1
chr1,190061319,190062349,-1
chr1,190653741,190655122,-1
chr1,190727304,190730174,-1
chr1,191239014,191241717,-1
chr1,192784315,192784989,-1
chr1,192789593,192791084,-1
chr1,192798093,192800700,1
chr1,192806324,192807093,-1
chr1,192822580,192825953,-1
chr1,192851640,192852457,-1
chr1,193141049,193141723,1
chr1,193449329,193450185,-1
chr1,193989015,193991785,-1
chr2,4297327,4301456,-1
chr2,4339658,4341457,1
chr2,4348338,4349353,-1
chr2,4361908,4362689,-1
chr2,4556144,4557875,1
chr2,4587585,4588762,1
chr2,4882644,4883763,-1
chr2,6260694,6262916,-1
chr2,7639724,7642480,-1
chr2,12065185,12068019,-1
chr2,18046233,18047055,-1
chr2,18973198,18973733,-1
chr2,19455026,19455689,-1
chr2,30654264,30656448,-1
chr2,31004939,31008077,-1
chr2,31499311,31500827,-1
chr2,31640644,31641311,-1
chr2,32053417,32057197,-1
chr2,32127730,32128586,-1
chr2,32908279,32909524,-1
chr2,33788144,33790460,-1
chr2,33841539,33845598,-1
chr2,33875330,33878839,1
chr2,34016021,34017342,-1
chr2,34033023,34033764,-1
chr2,34064833,34066528,-1
chr2,34166779,34167773,-1
chr2,34229437,34230578,-1
chr2,34235169,34236290,-1
chr2,34255334,34257139,-1
chr2,34260196,34261370,-1
chr2,34286509,34288341,-1
chr2,34310582,34311104,-1
chr2,34356456,34359026,-1
chr2,34359232,34360875,-1
chr2,34363449,34364811,-1
chr2,34455218,34456803,-1
chr2,34462108,34463283,-1
chr2,38142558,38144874,-1
chr2,38195269,38199898,-1
chr2,38535055,38537083,-1
chr2,38594702,38595720,-1
chr2,43781987,43783031,-1
chr2,43977739,43979507,-1
chr2,43986279,43987229,-1
chr2,43989287,43991110,-1
chr2,44572995,44574695,-1
chr2,45023631,45025444,-1
chr2,45036258,45037036,-1
chr2,45053671,45058470,-1
chr2,45102219,45104360,-1
chr2,45171144,45172955,-1
chr2,45836162,45837257,-1
chr2,45921900,45923049,-1
chr2,46326766,46328057,-1
chr2,46666275,46667373,-1
chr2,46669500,46670495,-1
chr2,46674604,46675472,-1
chr2,46801607,46803612,-1
chr2,47133822,47134610,-1
chr2,47183582,47185337,1
chr2,47263332,47264195,-1
chr2,47302030,47303333,-1
chr2,47334272,47335444,-1
chr2,50969347,50972438,-1
chr2,56253983,56255716,-1
chr2,56257296,56258347,-1
chr2,56455286,56457265,-1
chr2,56518707,56520248,-1
chr2,56576465,56577480,-1
chr2,56591692,56592843,-1
chr2,56916091,56916889,-1
chr2,57341949,57344456,1
chr2,57517307,57518247,-1
chr2,57616984,57617851,-1
chr2,57671881,57672832,-1
chr2,57793277,57794576,-1
chr2,57820408,57821348,1
chr2,57878888,57879847,-1
chr2,59562345,59563132,1
chr2,59597936,59601449,1
chr2,59668906,59672125,-1
chr2,59828773,59829361,-1
chr2,61656142,61656716,-1
chr2,63669378,63670651,-1
chr2,63877720,63879192,-1
chr2,63962796,63964416,-1
chr2,64079255,64080739,-1
chr2,64172017,64172993,-1
chr2,64177546,64178374,-1
chr2,64366222,64367228,-1
chr2,65992128,65994633,-1
chr2,69998509,69999848,-1
chr2,71418479,71422071,-1
chr2,71516484,71518219,-1
chr2,71527336,71528847,-1
chr2,71535378,71536557,-1
chr2,71537156,71538581,-1
chr2,72426155,72427698,-1
chr2,73139371,73141413,1
chr2,73142671,73144272,-1
chr2,73179758,73180791,-1
chr2,73268418,73269496,-1
chr2,73275594,73277184,-1
chr2,73279567,73280473,-1
chr2,74489927,74491300,-1
chr2,74650860,74652235,-1
chr2,75138220,75138763,-1
chr2,79461477,79462272,-1
chr2,82498030,82499136,-1
chr2,84517965,84520803,-1
chr2,93670758,93674396,-1
chr2,101589988,101594341,1
chr2,102319035,102319919,-1
chr2,103623986,103627532,-1
chr2,103893011,103895665,-1
chr2,104893781,104894712,-1
chr2,105333716,105335146,-1
chr2,105447293,105448403,-1
chr2,105515856,105516712,-1
chr2,105611042,105614025,-1
chr2,105689600,105691450,-1
chr2,105718758,105720537,-1
chr2,105778531,105780040,-1
chr2,105833388,105834698,-1
chr2,105913337,105914487,-1
chr2,113691543,113692645,-1
chr2,114123388,114123882,-1
chr2,114411449,114413021,-1
chr2,114739395,114740295,-1
chr2,115537684,115539308,-1
chr2,115656958,115658248,-1
chr2,115658281,115659712,-1
chr2,115669514,115669885,-1
chr2,115867988,115870503,-1
chr2,115871243,115872482,-1
chr2,115896429,115899400,-1
chr2,115919997,115921651,-1
chr2,115962485,115963540,-1
chr2,116018048,116020475,-1
chr2,116044886,116046285,-1
chr2,116200855,116202747,-1
chr2,116212625,116213751,-1
chr2,116323402,116325066,-1
chr2,116807729,116809252,-1
chr2,117427080,117430606,-1
chr2,118532227,118534856,-1
chr2,121549995,121551630,-1
chr2,124612597,124615764,-1
chr2,125491395,125493910,-1
chr2,130351805,130352389,-1
chr2,130489314,130493856,-1
chr2,132426454,132429102,-1
chr2,137247708,137248975,1
chr2,137852330,137854841,1
chr2,144176906,144178287,-1
chr2,145888311,145888756,-1
chr2,146324701,146325932,-1
chr2,146957766,146960813,-1
chr2,147180290,147181581,-1
chr2,152399091,152399726,-1
chr2,152734877,152735572,-1
chr2,152788186,152790967,-1
chr2,152817372,152818197,-1
chr2,153481176,153484947,-1
chr2,153560290,153561940,-1
chr2,155050090,155052094,-1
chr2,155862263,155864147,-1
chr2,156813201,156816143,-1
chr2,158439041,158440388,-1
chr2,159032228,159032977,-1
chr2,159712428,159713415,-1
chr2,159985999,159987636,-1
chr2,160244493,160245157,-1
chr2,160299417,160301134,-1
chr2,160382008,160382874,-1
chr2,160395708,160396677,-1
chr2,160415716,160417232,-1
chr2,160421995,160425459,-1
chr2,160451305,160452587,-1
chr2,160492291,160494448,-1
chr2,160503620,160504635,-1
chr2,160513670,160514864,-1
chr2,160515694,160517266,-1
chr2,160578530,160580585,-1
chr2,163685776,163687192,-1
chr2,165914101,165914771,-1
chr2,166019657,166023462,-1
chr2,166352865,166354821,-1
chr2,166440620,166443127,1
chr2,167324556,167326986,-1
chr2,167569881,167571243,-1
chr2,167842374,167845654,-1
chr2,168049064,168050870,-1
chr2,168693119,168695892,-1
chr2,169599744,169601398,-1
chr2,169768393,169769549,-1
chr2,170836029,170839441,-1
chr2,171633185,171636816,-1
chr2,171730381,171736633,1
chr2,172430534,172431364,-1
chr2,172861962,172864167,-1
chr2,172865097,172865880,-1
chr2,173034798,173036840,-1
chr2,173051929,173056057,-1
chr2,174856549,174860580,-1
chr3,4376459,4378146,-1
chr3,4594085,4596058,-1
chr3,5223534,5226222,-1
chr3,5329674,5330756,1
chr3,5387050,5389713,1
chr3,5754492,5756119,-1
chr3,6181861,6184107,1
chr3,6886387,6887953,-1
chr3,8865055,8867293,-1
chr3,16876170,16878776,-1
chr3,18057876,18058899,-1
chr3,18341077,18342204,-1
chr3,18378051,18379010,-1
chr3,18713569,18714476,-1
chr3,20144419,20146014,-1
chr3,26001539,26004971,-1
chr3,28420158,28422161,-1
chr3,28429164,28433506,-1
chr3,28438282,28441962,-1
chr3,29979822,29980970,-1
chr3,30104532,30109280,1
chr3,33882396,33883856,1
chr3,33905209,33906178,-1
chr3,34103627,34105807,-1
chr3,35087536,35089765,-1
chr3,35102311,35103774,-1
chr3,35340406,35342017,-1
chr3,36158852,36162657,-1
chr3,37671699,37674083,-1
chr3,37894700,37898826,1
chr3,39047259,39049329,-1
chr3,40452073,40454177,-1
chr3,41157758,41159376,-1
chr3,51725540,51729617,-1
chr3,51778044,51779171,-1
chr3,51907571,51910645,-1
chr3,52401126,52402130,-1
chr3,55753972,55757760,-1
chr3,55964735,55966742,-1
chr3,60602211,60603664,-1
chr3,63869819,63872427,-1
chr3,65926996,65930132,-1
chr3,66700787,66701918,1
chr3,66744502,66746109,-1
chr3,66934735,66937240,-1
chr3,67009377,67010623,-1
chr3,67036007,67037651,1
chr3,67070295,67071594,1
chr3,67146973,67147795,-1
chr3,67170618,67171970,-1
chr3,67190932,67192590,-1
chr3,67212684,67213884,1
chr3,67309670,67310443,-1
chr3,67340647,67341402,-1
chr3,67550193,67552228,-1
chr3,70311300,70313815,-1
chr3,72475819,72479350,-1
chr3,76465722,76469421,-1
chr3,82970875,82971669,-1
chr3,84937098,84939574,-1
chr3,86531948,86532261,-1
chr3,86556609,86557615,-1
chr3,86699824,86700906,-1
chr3,86849164,86851976,-1
chr3,87982680,87986876,1
chr3,88138105,88141065,-1
chr3,88518217,88523366,-1
chr3,88525859,88528018,-1
chr3,98092572,98095417,-1
chr3,98855051,98855630,-1
chr3,99232927,99236556,-1
chr3,99259779,99263564,-1
chr3,99330607,99331570,-1
chr3,99665316,99667145,1
chr3,100437197,100440090,-1
chr3,100482353,100482938,-1
chr3,102062054,102063652,-1
chr3,104596935,104600599,-1
chr3,108389934,108392442,-1
chr3,108409603,108412500,-1
chr3,119361442,119362694,-1
chr3,121735097,121737629,-1
chr3,121953542,121954391,-1
chr3,122032210,122035024,-1
chr3,122047471,122049247,-1
chr3,122292915,122294267,-1
chr3,127626842,127627905,-1
chr3,127913726,127915301,-1
chr3,128230116,128231767,-1
chr3,128343087,128344790,-1
chr3,128450191,128451286,-1
chr3,128518773,128521316,-1
chr3,128668527,128670001,-1
chr3,128719111,128720732,-1
chr3,128849320,128852008,-1
chr3,128925922,128927117,-1
chr3,129103806,129105710,-1
chr3,129178433,129178935,-1
chr3,129227195,129227767,-1
chr3,130439552,130441737,-1
chr3,130737081,130738563,-1
chr3,130961755,130964427,-1
chr3,131136338,131137858,-1
chr3,134302378,134303703,-1
chr3,137783219,137786437,-1
chr3,138742669,138745155,-1
chr3,141111699,141113451,-1
chr3,142237412,142239504,1
chr3,143100892,143102627,-1
chr3,143160907,143162289,-1
chr3,143332585,143334248,-1
chr3,143377757,143379148,-1
chr3,143411019,143412241,1
chr3,143433866,143435040,-1
chr3,143454150,143455385,-1
chr3,143496223,143498959,-1
chr3,143613891,143615871,-1
chr3,143822295,143823649,-1
chr3,143913931,143915289,-1
chr3,143946947,143948486,-1
chr3,143982652,143983372,-1
chr3,143985056,143986395,-1
chr3,144173689,144175124,1
chr3,144194510,144196428,-1
chr3,144203014,144204546,-1
chr3,145964099,145964929,-1
chr3,147443794,147444828,-1
chr3,147862342,147863082,-1
chr3,147918639,147919411,-1
chr3,147930416,147931323,-1
chr3,147965989,147967091,-1
chr3,148032366,148033372,-1
chr3,148060567,148061230,-1
chr3,148588610,148589434,-1
chr3,148589815,148590455,-1
chr3,148699788,148700480,-1
chr3,151383191,151390026,1
chr3,152303123,152305850,-1
chr4,5796827,5800336,-1
chr4,5962014,5963794,-1
chr4,6745236,6747592,-1
chr4,6912470,6914779,-1
chr4,7567408,7568542,-1
chr4,13786475,13789661,1
chr4,13831424,13834052,-1
chr4,14024601,14026426,-1
chr4,14272133,14278418,-1
chr4,22300833,22303031,-1
chr4,22835084,22836758,-1
chr4,22927135,22928714,-1
chr4,22946232,22947173,-1
chr4,23049134,23051887,-1
chr4,23145545,23147653,-1
chr4,23147679,23148836,-1
chr4,23172986,23174321,-1
chr4,23341021,23341757,-1
chr4,23504398,23505744,-1
chr4,23590043,23592040,-1
chr4,23601772,23603173,-1
chr4,23636062,23637409,-1
chr4,23713406,23714931,-1
chr4,23731837,23733245,-1
chr4,23810470,23812145,-1
chr4,23831528,23833072,-1
chr4,23869809,23871832,-1
chr4,23983453,23984308,-1
chr4,24018818,24020246,1
chr4,24151153,24152087,-1
chr4,24212231,24215244,-1
chr4,24216914,24220803,-1
chr4,24428854,24430298,-1
chr4,24669207,24670331,-1
chr4,28862693,28863921,-1
chr4,32301903,32305410,-1
chr4,44830265,44831018,-1
chr4,44851630,44852605,-1
chr4,44917363,44918981,-1
chr4,45505842,45507105,-1
chr4,45828456,45831469,1
chr4,46352102,46353592,-1
chr4,46366954,46371362,-1
chr4,54469466,54472653,-1
chr4,54611226,54614736,-1
chr4,54651392,54653981,-1
chr4,57536400,57540225,-1
chr4,57845561,57847767,-1
chr4,58666632,58672430,1
chr4,62611143,62615332,-1
chr4,63056998,63058386,1
chr4,64437751,64439209,-1
chr4,65237235,65239737,-1
chr4,66894392,66895290,-1
chr4,70810017,70811660,-1
chr4,71130904,71132135,-1
chr4,71466276,71467327,-1
chr4,71483744,71484988,-1
chr4,71839683,71841070,-1
chr4,72068926,72069840,-1
chr4,72166327,72168960,-1
chr4,72196487,72197365,-1
chr4,72381989,72383115,-1
chr4,72766130,72767260,-1
chr4,72799662,72800540,-1
chr4,73488434,73489492,-1
chr4,75700793,75701396,-1
chr4,76327004,76328750,-1
chr4,81468204,81471011,-1
chr4,81960417,81961865,-1
chr4,82153582,82154380,1
chr4,82915373,82918271,-1
chr4,83794853,83795171,-1
chr4,84529017,84529746,-1
chr4,84986009,84988497,-1
chr4,84995828,84996432,-1
chr4,89388208,89393783,-1
chr4,89399831,89406701,-1
chr4,89410605,89417157,-1
chr4,89421046,89425353,-1
chr4,89426411,89429104,-1
chr4,89431159,89434211,-1
chr4,89439184,89446556,-1
chr4,89452132,89455541,-1
chr4,89457897,89460037,-1
chr4,89468919,89471433,-1
chr4,90437298,90438340,-1
chr4,91027482,91028588,-1
chr4,95317405,95319020,1
chr4,95821064,95823802,-1
chr4,97377585,97378602,-1
chr4,97647212,97651215,-1
chr4,98107609,98110094,1
chr4,98221540,98224627,1
chr4,98242382,98245050,-1
chr4,99294411,99295982,-1
chr4,99353164,99354624,-1
chr4,99374142,99375600,-1
chr4,99573882,99574766,-1
chr4,105427474,105428608,-1
chr4,105860014,105863947,1
chr4,106864212,106867561,1
chr4,107602048,107604613,-1
chr4,109762245,109763772,1
chr4,109805980,109807023,-1
chr4,109858712,109860444,-1
chr4,109882014,109883288,-1
chr4,111552852,111553447,-1
chr4,117390983,117392315,1
chr4,117646907,117647611,-1
chr4,117828715,117831600,-1
chr4,119019151,119020076,-1
chr4,119238785,119240197,-1
chr4,120391668,120396254,-1
chr4,123604867,123607516,-1
chr4,123948793,123949704,-1
chr4,123990361,123991796,-1
chr4,124035338,124036862,-1
chr4,124359245,124361243,-1
chr4,124375082,124376310,-1
chr4,124395350,124396098,-1
chr4,124401703,124403018,-1
chr4,124455078,124456356,-1
chr4,124458302,124460392,-1
chr4,124477457,124479255,-1
chr4,124520132,124521366,-1
chr4,124526301,124527139,-1
chr4,124551047,124552186,-1
chr4,124615409,124616813,-1
chr4,124671950,124672944,-1
chr4,128714852,128716971,-1
chr4,128804347,128805790,-1
chr4,129713467,129714338,-1
chr4,131483172,131485713,-1
chr4,132032113,132036152,-1
chr4,132075516,132079227,-1
chr4,133116592,133118424,-1
chr4,133729052,133730306,-1
chr4,134470100,134473977,-1
chr4,135205845,135207207,-1
chr4,135256966,135260789,-1
chr4,139830775,139832379,-1
chr4,140010918,140012273,-1
chr4,140218145,140219643,-1
chr4,141536761,141537859,-1
chr4,147965245,147970361,-1
chr4,148708125,148709197,-1
chr4,148744315,148744862,-1
chr4,148808782,148809417,-1
chr4,148855953,148860332,-1
chr4,148876109,148876660,-1
chr4,148897229,148898219,-1
chr4,148921505,148922573,-1
chr4,149044050,149045134,-1
chr4,149892946,149894331,-1
chr4,150824121,150825979,1
chr4,154393163,154397126,-1
chr4,154456295,154457168,-1
chr4,154771105,154772345,1
chr4,155234679,155236167,-1
chr5,4833236,4835698,-1
chr5,4856664,4859896,-1
chr5,4875241,4879651,1
chr5,5007239,5009906,-1
chr5,12505539,12509076,-1
chr5,15966035,15967426,1
chr5,20079132,20082788,-1
chr5,20493774,20494889,-1
chr5,20950023,20950986,-1
chr5,21495900,21497355,-1
chr5,24341638,24345757,-1
chr5,24730554,24731843,-1
chr5,25000813,25002636,-1
chr5,25008595,25011541,-1
chr5,28178923,28180422,-1
chr5,28403755,28404882,1
chr5,30614016,30616922,-1
chr5,32065704,32067172,-1
chr5,33575294,33575875,-1
chr5,37818652,37819645,-1
chr5,37825669,37829220,1
chr5,37851392,37852219,-1
chr5,37901106,37902493,-1
chr5,37917742,37918594,1
chr5,37967623,37969196,1
chr5,38060248,38061422,-1
chr5,38065055,38066694,-1
chr5,38106177,38106996,-1
chr5,38509268,38509899,-1
chr5,41165316,41166973,-1
chr5,41199107,41200708,-1
chr5,41261421,41262403,1
chr5,41380511,41381341,-1
chr5,41737620,41739298,-1
chr5,42522949,42524031,-1
chr5,51591179,51592760,-1
chr5,55976101,55977173,-1
chr5,67423706,67424669,-1
chr5,72493823,72495406,-1
chr5,74265657,74268205,-1
chr5,74361294,74363523,-1
chr5,74431979,74435797,-1
chr5,75012461,75013668,-1
chr5,75071388,75072201,-1
chr5,76662343,76666797,-1
chr5,77129880,77130993,-1
chr5,77486940,77489925,1
chr5,78283386,78285475,-1
chr5,84811330,84812261,-1
chr5,92627753,92628377,-1
chr5,92997267,92998294,1
chr5,93131077,93135726,-1
chr5,97542962,97543765,-1
chr5,97546822,97547439,-1
chr5,99272413,99275239,-1
chr5,99367893,99370406,1
chr5,101031954,101033223,-1
chr5,101496956,101497906,-1
chr5,101966725,101970386,-1
chr5,102373255,102375763,1
chr5,106564330,106566018,-1
chr5,107221760,107224214,-1
chr5,107250899,107252442,-1
chr5,110898210,110898771,-1
chr5,111054483,111055797,-1
chr5,111255885,111257844,-1
chr5,111394041,111395158,1
chr5,111535893,111537132,-1
chr5,111577305,111578296,-1
chr5,111601262,111602739,-1
chr5,111675073,111676405,-1
chr5,113151952,113154228,1
chr5,115266986,115267561,-1
chr5,115488390,115491906,-1
chr5,118665477,118668878,-1
chr5,119610925,119613436,1
chr5,119667994,119668856,1
chr5,119668987,119669582,-1
chr5,119795903,119797675,-1
chr5,119821983,119824240,-1
chr5,119976562,119977191,-1
chr5,120135778,120136934,-1
chr5,120287383,120288927,-1
chr5,121925608,121927679,-1
chr5,122032503,122033356,-1
chr5,122092218,122094768,-1
chr5,124171521,124176494,-1
chr5,131580380,131582372,1
chr5,131693648,131694371,-1
chr5,131780893,131781638,-1
chr5,131794315,131795265,-1
chr5,131919678,131921484,-1
chr5,131929775,131931745,-1
chr5,131948446,131949774,-1
chr5,131990290,131991735,-1
chr5,132032772,132035461,-1
chr5,132228612,132230350,-1
chr5,132293079,132295164,-1
chr5,139536245,139537428,-1
chr5,139538772,139540184,-1
chr5,147155041,147156530,-1
chr5,147222660,147224221,-1
chr5,149320224,149322610,-1
chr6,3509886,3514285,-1
chr6,4456170,4459324,-1
chr6,4483463,4485322,1
chr6,4488993,4490635,-1
chr6,4553537,4555066,1
chr6,5507996,5512142,-1
chr6,5997407,5997858,-1
chr6,6005995,6006609,1
chr6,6026899,6028252,1
chr6,6058480,6059027,1
chr6,6161772,6164755,-1
chr6,6316533,6317120,-1
chr6,6363941,6364446,-1
chr6,6458809,6459379,-1
chr6,6861655,6862377,-1
chr6,9834715,9835886,-1
chr6,11534744,11535814,-1
chr6,14754338,14755302,-1
chr6,14980242,14981244,-1
chr6,15182428,15183744,-1
chr6,15185821,15187224,-1
chr6,15187323,15189118,-1
chr6,15192947,15194270,-1
chr6,15201156,15203663,-1
chr6,15257106,15258522,-1
chr6,15322791,15324149,-1
chr6,15368271,15370231,-1
chr6,15399348,15401975,-1
chr6,15404452,15405550,-1
chr6,15406720,15407971,-1
chr6,15411326,15413759,-1
chr6,15435024,15437812,-1
chr6,15486410,15487741,-1
chr6,15500356,15501750,-1
chr6,15610145,15610753,-1
chr6,16313991,16314934,-1
chr6,16315852,16317823,-1
chr6,16332591,16334210,-1
chr6,16482618,16484681,-1
chr6,16530409,16531733,-1
chr6,16547563,16549382,-1
chr6,16725956,16729599,-1
chr6,16835376,16835875,-1
chr6,17170073,17174875,-1
chr6,21878022,21880817,-1
chr6,23271299,23275344,-1
chr6,28395025,28398247,-1
chr6,30635908,30637351,-1
chr6,35353329,35355339,-1
chr6,35631496,35636352,-1
chr6,39239850,39243498,-1
chr6,39541755,39546349,-1
chr6,47203069,47205158,-1
chr6,50336190,50338926,-1
chr6,50354039,50357303,-1
chr6,50810700,50811821,-1
chr6,50821119,50823589,-1
chr6,50889579,50892588,-1
chr6,50924548,50926237,-1
chr6,50956956,50958238,-1
chr6,50981071,50982330,-1
chr6,50983967,50984810,1
chr6,51001488,51004105,1
chr6,51051772,51053273,1
chr6,51076186,51078598,-1
chr6,51104235,51105195,-1
chr6,51172427,51173473,-1
chr6,51194713,51198223,1
chr6,51333774,51334476,-1
chr6,51361843,51362696,-1
chr6,51708576,51709543,-1
chr6,51857235,51858614,-1
chr6,51878612,51879694,-1
chr6,52178169,52178777,-1
chr6,52270433,52271615,-1
chr6,52319082,52320287,-1
chr6,52442617,52444529,1
chr6,52967026,52969651,1
chr6,53468299,53472380,1
chr6,55703699,55704797,-1
chr6,61041566,61044404,-1
chr6,72215186,72218828,1
chr6,72653770,72655985,-1
chr6,84190935,84192863,-1
chr6,84196001,84198367,1
chr6,85164955,85166474,-1
chr6,85218005,85218946,-1
chr6,86479302,86480169,-1
chr6,89034676,89036253,-1
chr6,91144563,91149338,-1
chr6,93818356,93823383,-1
chr6,93920902,93922409,-1
chr6,94753098,94757440,-1
chr6,98112394,98114832,-1
chr6,98509376,98511048,-1
chr6,98625750,98627137,-1
chr6,98767392,98769033,-1
chr6,98944759,98945317,-1
chr6,98952036,98953088,-1
chr6,98968191,98969077,-1
chr6,99012966,99014601,1
chr6,99066719,99068664,-1
chr6,99103307,99105363,-1
chr6,99169018,99170092,-1
chr6,99189657,99191464,-1
chr6,99201230,99203437,-1
chr6,99251427,99252239,-1
chr6,99346432,99348898,-1
chr6,99394912,99396384,-1
chr6,99403919,99405378,-1
chr6,99466877,99467819,-1
chr6,99483861,99486227,-1
chr6,99886863,99889372,-1
chr6,100196170,100197937,-1
chr6,101279930,101282506,-1
chr6,101936781,101939346,-1
chr6,112813562,112816924,-1
chr6,114802640,114805326,-1
chr6,116358989,116359750,-1
chr6,117279209,117280409,-1
chr6,119965437,119966145,-1
chr6,120174234,120175208,-1
chr6,120353929,120355330,-1
chr6,122392605,122396323,1
chr6,136468119,136471874,-1
chr6,137823549,137824777,-1
chr6,138250896,138252847,-1
chr6,138379417,138380507,-1
chr6,138513754,138516103,-1
chr6,138581719,138583348,-1
chr6,138708663,138709796,-1
chr6,138750056,138755631,-1
chr6,138872005,138874064,-1
chr6,139142856,139144124,-1
chr6,139174149,139174798,-1
chr6,139278532,139280000,-1
chr6,139293287,139294551,-1
chr6,139475726,139476681,-1
chr6,141294807,141295982,-1
chr6,142666341,142669080,-1
chr6,143297273,143298460,-1
chr6,143437339,143439026,1
chr6,143497298,143500849,1
chr6,144312294,144314020,1
chr6,144366812,144368484,-1
chr6,144944642,144946014,-1
chr6,145455166,145459586,-1
chr7,6850507,6853396,-1
chr7,16404746,16406411,-1
chr7,25624415,25625718,-1
chr7,34265155,34269793,1
chr7,36133667,36134870,-1
chr7,36331253,36332000,-1
chr7,36731580,36732163,-1
chr7,36944653,36945744,-1
chr7,37514719,37516041,-1
chr7,37600138,37601255,-1
chr7,37627775,37629439,-1
chr7,37649562,37652734,-1
chr7,37723253,37724497,-1
chr7,37743016,37744607,1
chr7,37896463,37897436,-1
chr7,37904896,37905962,-1
chr7,37970404,37971287,-1
chr7,38050393,38051470,-1
chr7,46122737,46124706,-1
chr7,48824185,48826415,-1
chr7,48859734,48863011,-1
chr7,51968458,51970961,-1
chr7,63956077,63960826,-1
chr7,68010057,68013211,-1
chr7,68127362,68130866,-1
chr7,69844768,69846095,-1
chr7,70117149,70119433,-1
chr7,71745874,71747723,-1
chr7,72540418,72543229,-1
chr7,76437642,76440363,-1
chr7,80118294,80122263,-1
chr7,80445068,80446500,-1
chr7,80788938,80790184,-1
chr7,82382717,82383985,-1
chr7,83060306,83061647,-1
chr7,83811918,83815428,1
chr7,89454520,89457635,-1
chr7,98956509,98958634,1
chr7,99359662,99361402,-1
chr7,101713527,101714553,-1
chr7,103858636,103859881,-1
chr7,108796607,108799113,1
chr7,109113133,109117303,-1
chr7,109161322,109162713,-1
chr7,109202812,109203341,-1
chr7,109558267,109560092,-1
chr7,110162809,110166321,-1
chr7,112280437,112281385,-1
chr7,112297825,112299422,-1
chr7,112351476,112353289,-1
chr7,112824612,112827409,1
chr7,114896548,114897751,-1
chr7,115131420,115132739,-1
chr7,115169640,115170725,-1
chr7,115595838,115599194,-1
chr7,115644905,115646551,-1
chr7,115745167,115746401,-1
chr7,115749542,115750857,-1
chr7,115824529,115825832,-1
chr7,115864594,115867473,-1
chr7,116204293,116209469,-1
chr7,116687003,116687716,-1
chr7,117242694,117244008,-1
chr7,117756291,117757213,-1
chr7,121252178,121253246,-1
chr7,124032956,124034354,-1
chr7,124502182,124503492,-1
chr7,125764047,125765353,-1
chr7,129743441,129744988,-1
chr7,130059548,130061335,-1
chr7,130425765,130427321,1
chr7,131463947,131465852,-1
chr7,131496657,131497909,1
chr7,131549727,131551322,-1
chr7,131712593,131713659,-1
chr7,131777679,131778766,-1
chr7,132807589,132808550,-1
chr7,133189780,133190441,-1
chr7,134677970,134680502,-1
chr7,135137921,135140618,-1
chr7,135756830,135757856,-1
chr7,136083205,136084349,-1
chr7,136490620,136492389,-1
chr7,136737154,136739340,-1
chr7,137002009,137003274,-1
chr7,137005038,137006321,-1
chr7,137039207,137041141,-1
chr7,137091736,137093087,-1
chr7,137250056,137251790,-1
chr7,142547513,142549546,1
chr7,142551566,142554813,1
chr7,142568912,142573912,1
chr7,143049845,143051046,-1
chr7,143112060,143112968,-1
chr7,143153813,143155333,-1
chr7,143196346,143199475,-1
chr7,144993471,144997721,-1
chr7,145117572,145118950,-1
chr8,7158456,7160863,1
chr8,7173668,7181141,-1
chr8,7439758,7441123,-1
chr8,8102246,8104749,-1
chr8,8488054,8491339,-1
chr8,11356668,11359383,-1
chr8,11896202,11896925,-1
chr8,12065991,12066965,-1
chr8,12462372,12463356,-1
chr8,14071980,14074029,-1
chr8,18711247,18712747,-1
chr8,25342689,25344335,1
chr8,25440188,25442103,1
chr8,25543011,25545762,1
chr8,26384788,26385647,-1
chr8,26688782,26690360,1
chr8,26913996,26914881,1
chr8,27106327,27108431,-1
chr8,29542874,29546065,-1
chr8,30647940,30649075,-1
chr8,30921431,30926501,-1
chr8,32303659,32305872,-1
chr8,33903821,33907069,-1
chr8,46770571,46772246,-1
chr8,46848055,46851393,-1
chr8,50708169,50709136,-1
chr8,57327753,57329581,-1
chr8,57335225,57335793,-1
chr8,57347180,57351136,-1
chr8,57359264,57363084,-1
chr8,77266899,77270239,-1
chr8,77671733,77672642,-1
chr8,77707194,77708233,-1
chr8,77722984,77723939,-1
chr8,77987315,77989135,-1
chr8,78001608,78002512,-1
chr8,78740514,78743542,-1
chr8,79837629,79838677,-1
chr8,80055436,80057136,-1
chr8,80314047,80315941,1
chr8,80501065,80501915,-1
chr8,84728902,84732705,-1
chr8,84741926,84745072,-1
chr8,87120551,87122269,-1
chr8,87151207,87154296,-1
chr8,87270550,87271379,-1
chr8,87835970,87837269,-1
chr8,88757982,88759109,-1
chr8,88774689,88776074,-1
chr8,88779183,88779972,-1
chr8,88877161,88878261,-1
chr8,88881293,88881923,-1
chr8,88902694,88903557,-1
chr8,88924828,88925618,-1
chr8,88939020,88940224,-1
chr8,88973175,88974114,-1
chr8,88991556,88992644,-1
chr8,89002204,89004697,-1
chr8,89005819,89007424,-1
chr8,89086387,89087574,-1
chr8,89240948,89242638,-1
chr8,89323884,89325178,-1
chr8,89371089,89371832,-1
chr8,89386848,89388302,-1
chr8,89454508,89455383,1
chr8,89464933,89465803,-1
chr8,89515749,89517087,-1
chr8,89536202,89537046,-1
chr8,89561872,89563081,-1
chr8,89596225,89597315,-1
chr8,89631806,89633060,-1
chr8,89731015,89732913,-1
chr8,89992683,89995450,-1
chr8,90011558,90012979,-1
chr8,90203841,90204770,-1
chr8,90213533,90214666,-1
chr8,90243821,90246886,1
chr8,90276086,90277206,-1
chr8,90301584,90303038,-1
chr8,90322237,90323493,-1
chr8,90327959,90329477,-1
chr8,90494121,90499562,-1
chr8,90738604,90742411,-1
chr8,91170647,91172060,-1
chr8,91185300,91186231,-1
chr8,91305057,91306285,-1
chr8,91342028,91342872,-1
chr8,91491445,91492009,-1
chr8,91508767,91510326,-1
chr8,91538299,91539821,-1
chr8,91545727,91547572,-1
chr8,91622042,91623486,-1
chr8,91656701,91658041,-1
chr8,91661914,91662349,-1
chr8,91664604,91665497,-1
chr8,91749887,91751412,-1
chr8,91804616,91805515,-1
chr8,91826762,91828112,-1
chr8,91855876,91856486,-1
chr8,91973744,91974600,-1
chr8,91991197,91992386,-1
chr8,92025551,92027827,-1
chr8,92029339,92030277,-1
chr8,92058698,92059642,-1
chr8,92063821,92064618,-1
chr8,92065543,92066816,-1
chr8,92070441,92071690,-1
chr8,92094559,92095829,-1
chr8,92100436,92101518,-1
chr8,92113436,92115404,-1
chr8,92127674,92128542,-1
chr8,92219224,92220146,-1
chr8,92231178,92232317,-1
chr8,92444894,92445556,-1
chr8,92449353,92450411,1
chr8,92545405,92546474,-1
chr8,92555076,92555722,-1
chr8,92648090,92649598,-1
chr8,92735259,92736114,-1
chr8,92742867,92744200,-1
chr8,95426508,95428314,-1
chr8,96697395,96698403,-1
chr8,96748090,96749593,-1
chr8,97896820,97898245,-1
chr8,98309178,98310337,-1
chr8,98383886,98385543,-1
chr8,98485345,98486685,-1
chr8,99550507,99551513,-1
chr8,100368955,100370435,-1
chr8,102265497,102266851,-1
chr8,103077237,103078991,-1
chr8,104609522,104612018,-1
chr8,107338845,107339359,-1
chr8,107603124,107603793,-1
chr8,108025351,108029328,1
chr8,108454368,108455838,-1
chr8,108466097,108468544,-1
chr8,108802402,108804650,-1
chr8,108850360,108851498,-1
chr8,108889314,108890250,-1
chr8,108937415,108938616,-1
chr8,109034350,109035846,-1
chr8,109122962,109124626,-1
chr8,109310590,109313918,1
chr8,109416598,109418210,-1
chr8,109436456,109437562,-1
chr8,114499211,114500511,-1
chr8,114650146,114651788,-1
chr8,114657896,114658964,-1
chr8,114691555,114692470,-1
chr8,114744435,114745938,-1
chr8,114858195,114859805,-1
chr8,114990842,114992280,-1
chr8,115077611,115080246,-1
chr8,115149714,115151348,-1
chr8,115473042,115474528,-1
chr8,115998273,115999564,-1
chr8,116013572,116015153,-1
chr8,116163758,116166268,-1
chr8,116335195,116337629,-1
chr8,116384137,116385431,-1
chr8,118377800,118380129,-1
chr8,120292012,120294793,-1
chr8,120370900,120372676,-1
chr8,120516455,120517853,-1
chr8,121002895,121003512,1
chr8,121170103,121171139,-1
chr8,121283047,121284421,-1
chr8,121300361,121303557,1
chr8,121665198,121666118,-1
chr8,122711842,122713825,-1
chr8,124643703,124645898,-1
chr8,125217043,125219851,1
chr8,125557736,125559984,-1
chr8,126536388,126537692,-1
chr8,126665421,126667756,-1
chr9,13697970,13700760,-1
chr9,21556730,21559920,-1
chr9,23377927,23379852,-1
chr9,24720490,24721595,-1
chr9,24737086,24737801,-1
chr9,24748244,24749108,-1
chr9,24754514,24755359,-1
chr9,24789002,24789893,-1
chr9,24802515,24803444,-1
chr9,24811553,24812154,-1
chr9,24833559,24834351,-1
chr9,24860616,24861316,-1
chr9,24887072,24890068,-1
chr9,24919749,24921117,-1
chr9,24922167,24923116,-1
chr9,24973917,24975039,-1
chr9,25055368,25056389,-1
chr9,27937330,27938180,-1
chr9,29318640,29319071,1
chr9,34557590,34559391,-1
chr9,35423877,35427018,-1
chr9,37053339,37055278,1
chr9,41071639,41074687,-1
chr9,41735464,41736837,-1
chr9,43564181,43568174,-1
chr9,44877225,44880193,-1
chr9,46118249,46121546,-1
chr9,46381148,46381839,-1
chr9,46620224,46623042,-1
chr9,46660108,46660820,-1
chr9,47376512,47377360,-1
chr9,49736440,49738293,-1
chr9,52147925,52150393,-1
chr9,54335032,54337557,-1
chr9,57806611,57807834,-1
chr9,61370059,61371070,-1
chr9,61600844,61603666,1
chr9,62414649,62415677,-1
chr9,63108235,63110238,-1
chr9,63131587,63133435,-1
chr9,63176077,63177276,-1
chr9,63523991,63524533,-1
chr9,63880199,63881508,-1
chr9,64044784,64046949,-1
chr9,65381642,65384657,-1
chr9,65825989,65827111,-1
chr9,67001298,67004558,-1
chr9,67040666,67043521,-1
chr9,68794558,68797064,-1
chr9,70834536,70835234,-1
chr9,71974987,71975901,-1
chr9,71975968,71976731,-1
chr9,88030648,88034978,-1
chr9,88048577,88050948,1
chr9,88070457,88074527,-1
chr9,88136652,88139609,-1
chr9,88195357,88199255,-1
chr9,90125755,90126865,-1
chr9,90313788,90316367,-1
chr9,90419622,90421316,-1
chr9,90691310,90692526,-1
chr9,90692810,90693923,-1
chr9,90700206,90701273,-1
chr9,90730671,90732594,-1
chr9,90739783,90741475,-1
chr9,90833187,90835006,-1
chr9,90902261,90905638,-1
chr9,91073326,91074669,-1
chr9,91087949,91090092,-1
chr9,91366859,91368203,-1
chr9,91445768,91447285,1
chr9,91462358,91463892,-1
chr9,95812717,95815609,-1
chr9,96380312,96382941,1
chr9,99773255,99774439,-1
chr9,99994346,99995440,-1
chr9,100130872,100131771,-1
chr9,100166423,100168226,-1
chr9,100194021,100195330,-1
chr9,100210152,100211938,-1
chr9,100271529,100272974,1
chr9,103679109,103679657,-1
chr9,106382995,106385663,-1
chr9,106416951,106418793,-1
chr9,107305936,107309959,-1
chr9,109892964,109896468,-1
chr9,118317971,118319794,-1
chr9,118858597,118861666,-1
chr9,118863536,118868147,-1
chr9,119496374,119501352,-1
chr9,120601909,120604533,-1
chr9,121301588,121305883,-1
chr9,121355289,121357466,-1
chr10,8968318,8968915,-1
chr10,17228736,17232667,-1
chr10,19077704,19080447,-1
chr10,20484902,20488767,-1
chr10,21081771,21084133,-1
chr10,24493263,24494942,-1
chr10,30997657,30998999,-1
chr10,31027819,31028728,-1
chr10,31034051,31035579,-1
chr10,31053081,31054088,-1
chr10,31228891,31229864,-1
chr10,31272653,31273675,-1
chr10,36483581,36486087,1
chr10,38552270,38556079,-1
chr10,39657715,39661924,-1
chr10,42250904,42252282,-1
chr10,42634081,42635173,-1
chr10,42635864,42636982,-1
chr10,43722436,43724832,-1
chr10,43746138,43746678,-1
chr10,45139830,45141705,-1
chr10,45228613,45231786,1
chr10,45893126,45894695,1
chr10,49984350,49985954,1
chr10,50833720,50834474,-1
chr10,50901664,50902602,-1
chr10,51257067,51258555,-1
chr10,52741812,52745154,-1
chr10,53343658,53344819,-1
chr10,56979108,56981816,-1
chr10,58382775,58383620,-1
chr10,59442760,59444333,-1
chr10,59967735,59971225,-1
chr10,61532677,61537653,-1
chr10,62128053,62130842,-1
chr10,69642709,69646964,-1
chr10,70733385,70734388,-1
chr10,79839861,79842369,-1
chr10,80773811,80774999,-1
chr10,86294227,86297417,-1
chr10,87292837,87293886,-1
chr10,87324268,87326930,-1
chr10,87388707,87389894,-1
chr10,87445159,87449773,-1
chr10,87473282,87474591,-1
chr10,87500259,87501668,-1
chr10,87868234,87870738,1
chr10,91186361,91188450,-1
chr10,92555687,92557809,-1
chr10,96708320,96708857,-1
chr10,98683082,98685589,-1
chr10,108587858,108589363,-1
chr10,119760180,119762864,-1
chr10,120551958,120553597,-1
chr10,122768032,122770538,-1
chr10,125809055,125811062,1
chr10,125921038,125928971,1
chr11,7054211,7057799,-1
chr11,11527967,11528770,-1
chr11,11675621,11677027,-1
chr11,11699170,11700205,-1
chr11,11753227,11753958,-1
chr11,11836360,11837998,-1
chr11,11956742,11957743,-1
chr11,11961856,11962621,-1
chr11,18161775,18165395,-1
chr11,18170844,18172953,-1
chr11,18356947,18358283,-1
chr11,18604267,18605269,-1
chr11,18749399,18750623,-1
chr11,18916165,18918731,-1
chr11,18929401,18930771,-1
chr11,19159806,19161022,-1
chr11,19264923,19266022,-1
chr11,19349983,19351626,-1
chr11,22002481,22003825,-1
chr11,22010038,22011280,-1
chr11,22068164,22068902,-1
chr11,22078417,22079452,-1
chr11,24015167,24017101,-1
chr11,24062087,24063577,-1
chr11,24095055,24096666,-1
chr11,24312333,24314281,-1
chr11,24329868,24333909,-1
chr11,24370836,24371856,-1
chr11,24427205,24428275,-1
chr11,24474194,24474926,-1
chr11,24484734,24486203,-1
chr11,24618260,24619579,-1
chr11,24708579,24710422,-1
chr11,24763883,24765510,-1
chr11,24783038,24784369,-1
chr11,24839673,24841741,-1
chr11,24848029,24849347,-1
chr11,24927450,24928490,-1
chr11,24976121,24978365,-1
chr11,24981421,24984197,-1
chr11,25099105,25101616,-1
chr11,25113308,25113940,-1
chr11,25287255,25288543,-1
chr11,25356346,25357683,-1
chr11,25529956,25531890,-1
chr11,25639788,25641407,-1
chr11,25644061,25645643,-1
chr11,25663687,25664864,-1
chr11,25674202,25676633,-1
chr11,25703629,25705174,-1
chr11,25732273,25732989,-1
chr11,25736857,25738024,-1
chr11,25872525,25873791,1
chr11,25901726,25903092,-1
chr11,25978214,25979694,-1
chr11,26005544,26007098,1
chr11,26007937,26009347,-1
chr11,26061993,26063811,-1
chr11,26072120,26072976,-1
chr11,26099722,26100690,-1
chr11,26120372,26122139,-1
chr11,26163484,26164975,-1
chr11,26489088,26491733,1
chr11,26773589,26774876,-1
chr11,26975529,26976372,-1
chr11,32245270,32246411,-1
chr11,32250452,32252344,-1
chr11,33191799,33193113,-1
chr11,33299599,33301608,-1
chr11,33342867,33343783,-1
chr11,33392413,33393559,-1
chr11,33399829,33401077,-1
chr11,33429907,33431025,-1
chr11,36349885,36351181,-1
chr11,44625595,44626698,-1
chr11,44634333,44635610,-1
chr11,44656476,44657870,-1
chr11,44799728,44801438,-1
chr11,44903241,44904999,-1
chr11,44987162,44988463,-1
chr11,45136391,45137668,1
chr11,45388289,45390405,-1
chr11,45549893,45551316,1
chr11,45805317,45806045,-1
chr11,46201358,46203267,-1
chr11,47283316,47285733,-1
chr11,51940537,51946109,-1
chr11,54056663,54059415,-1
chr11,54060073,54061369,-1
chr11,54879186,54884157,-1
chr11,57650678,57652744,-1
chr11,57847462,57847793,-1
chr11,57927590,57931336,-1
chr11,57962140,57963143,-1
chr11,59992983,59996757,-1
chr11,62983404,62986950,-1
chr11,64898597,64900939,-1
chr11,65208855,65210457,-1
chr11,65435466,65436247,-1
chr11,65648906,65651643,-1
chr11,68623475,68624174,-1
chr11,68637700,68640745,-1
chr11,75046157,75048337,-1
chr11,75049028,75050436,1
chr11,77422484,77424457,-1
chr11,77924762,77927516,-1
chr11,79050758,79055494,-1
chr11,81612791,81613808,-1
chr11,84376006,84377110,-1
chr11,84395731,84396774,-1
chr11,84481127,84482245,-1
chr11,84496289,84496921,-1
chr11,84725828,84726603,-1
chr11,84766074,84766770,1
chr11,85712703,85714068,-1
chr11,86167093,86168104,-1
chr11,86570111,86571720,-1
chr11,86586196,86587829,-1
chr11,86623484,86625584,-1
chr11,87422350,87423713,-1
chr11,88180548,88181652,-1
chr11,88274079,88276075,-1
chr11,88467417,88468721,-1
chr11,88527850,88529479,-1
chr11,88554791,88555816,-1
chr11,89717799,89719511,-1
chr11,94880928,94883811,-1
chr11,95339209,95341128,-1
chr11,95355809,95358196,-1
chr11,96292066,96292580,-1
chr11,96741476,96742609,-1
chr11,96826222,96827190,-1
chr11,96872256,96874454,-1
chr11,96883318,96887851,-1
chr11,98157859,98158466,-1
chr11,98339002,98339485,-1
chr11,98377499,98380382,-1
chr11,98391902,98395006,-1
chr11,98747152,98751430,-1
chr11,98901653,98906641,-1
chr11,101801412,101802123,-1
chr11,101829827,101831016,-1
chr11,101867302,101868287,-1
chr11,102363033,102364797,-1
chr11,102592757,102596210,-1
chr11,103049822,103053302,-1
chr11,104642398,104643585,-1
chr11,106134085,106135839,-1
chr11,107762173,107764184,-1
chr11,109269058,109271055,-1
chr11,111563100,111564002,1
chr11,111568522,111569439,-1
chr11,111627111,111628109,-1
chr11,111647327,111648996,-1
chr11,111666051,111667477,-1
chr11,111781021,111781954,-1
chr11,111827913,111829224,1
chr11,111961102,111962964,-1
chr11,112027527,112029618,-1
chr11,112411865,112413667,1
chr11,112449529,112451421,-1
chr11,112780251,112781039,-1
chr11,113013633,113014961,1
chr11,113733041,113734346,-1
chr11,113981121,113983291,-1
chr11,115670279,115671107,-1
chr11,116319003,116319995,-1
chr11,117343025,117348116,-1
chr11,117865410,117867678,-1
chr12,5266438,5269568,-1
chr12,8385675,8387404,-1
chr12,9337518,9339602,1
chr12,9368204,9369316,-1
chr12,9550104,9551456,-1
chr12,12179096,12179918,-1
chr12,12707412,12712118,-1
chr12,25123956,25126085,-1
chr12,25891577,25892365,1
chr12,26450825,26452318,-1
chr12,27563453,27566845,-1
chr12,28816805,28818905,-1
chr12,31309963,31311477,1
chr12,33955274,33957221,-1
chr12,33964467,33967814,-1
chr12,34199631,34200877,1
chr12,34215261,34216362,1
chr12,34219670,34221315,1
chr12,36793077,36795300,-1
chr12,38435535,38436645,-1
chr12,39301105,39302162,-1
chr12,39341790,39342580,-1
chr12,44402519,44405770,-1
chr12,46020363,46021772,-1
chr12,47464984,47466845,-1
chr12,48010973,48011714,-1
chr12,48388113,48389934,-1
chr12,48634484,48635346,-1
chr12,49374506,49376068,-1
chr12,49510396,49511504,-1
chr12,49886734,49888068,-1
chr12,49944709,49946539,-1
chr12,49973353,49975979,-1
chr12,49991792,49994219,-1
chr12,50119060,50121598,-1
chr12,50157459,50158808,-1
chr12,50171720,50172961,-1
chr12,50190555,50191885,-1
chr12,50260206,50261402,-1
chr12,50294630,50296354,-1
chr12,50970036,50971348,-1
chr12,51001401,51003291,-1
chr12,51274163,51276029,-1
chr12,52228848,52229426,-1
chr12,52833658,52837423,-1
chr12,53623550,53625385,-1
chr12,53663102,53665614,-1
chr12,53872242,53873017,-1
chr12,53874311,53876622,-1
chr12,53926314,53927018,-1
chr12,54000471,54001518,-1
chr12,54161495,54163193,-1
chr12,54532609,54534941,-1
chr12,55614270,55615258,-1
chr12,55643542,55644223,-1
chr12,56114128,56116274,-1
chr12,56386862,56388474,-1
chr12,56440796,56441827,-1
chr12,56454748,56456277,-1
chr12,56458078,56460488,-1
chr12,56481967,56483344,-1
chr12,56520183,56521029,-1
chr12,57291377,57292384,-1
chr12,71532268,71534767,-1
chr12,73050612,73052572,-1
chr12,79505603,79509359,-1
chr12,79535235,79536539,1
chr12,79731439,79734658,-1
chr12,79795794,79798372,-1
chr12,79846272,79849070,1
chr12,79968630,79971892,-1
chr12,83072395,83074413,-1
chr12,83720783,83721675,-1
chr12,84175691,84176743,-1
chr12,85435375,85436988,-1
chr12,85454385,85456659,-1
chr12,86800572,86803602,1
chr12,86810598,86813301,-1
chr12,86815545,86817582,-1
chr12,86894665,86899694,-1
chr12,88983898,88984926,-1
chr12,90131977,90133515,-1
chr12,91677577,91681083,-1
chr12,99338620,99341271,-1
chr12,104900833,104902741,1
chr12,104939330,104940069,-1
chr12,106377315,106378522,-1
chr12,106479344,106480241,-1
chr12,107777919,107778911,-1
chr12,108249507,108252884,-1
chr12,109507924,109510969,-1
chr12,111142738,111143613,-1
chr12,117805674,117806847,-1
chr12,117989131,117989690,-1
chr12,118499994,118501066,-1
chr12,118647248,118648362,-1
chr12,118650489,118651733,-1
chr12,118702748,118704294,1
chr12,118719669,118721136,-1
chr12,118725450,118726904,-1
chr12,118834481,118836077,-1
chr12,118840045,118841445,-1
chr12,118843463,118844557,-1
chr13,3726204,3727216,-1
chr13,3741069,3744545,-1
chr13,5840306,5842325,1
chr13,12113964,12115326,-1
chr13,12124820,12128580,-1
chr13,12131485,12133920,-1
chr13,12365828,12370427,-1
chr13,12502078,12504879,-1
chr13,15154945,15158128,-1
chr13,15301054,15302136,-1
chr13,15342707,15344222,1
chr13,15485451,15487169,-1
chr13,15543031,15545008,-1
chr13,15548975,15550833,1
chr13,15664354,15665305,-1
chr13,16011020,16012852,-1
chr13,21973105,21976611,-1
chr13,26153954,26156127,-1
chr13,28415133,28417929,-1
chr13,28717646,28719441,-1
chr13,28958080,28960360,-1
chr13,29609187,29611830,-1
chr13,34148088,34150183,-1
chr13,34247186,34249843,-1
chr13,34285394,34290493,-1
chr13,34827566,34828899,-1
chr13,35212314,35213577,-1
chr13,37877818,37879534,-1
chr13,38170603,38171728,-1
chr13,39523268,39524849,1
chr13,39876693,39879433,-1
chr13,40712299,40713499,-1
chr13,40725554,40728254,-1
chr13,41643212,41644683,-1
chr13,42258101,42259051,-1
chr13,43195920,43197079,-1
chr13,44911671,44913085,-1
chr13,46571320,46574349,-1
chr13,46632291,46635792,-1
chr13,46735395,46736634,-1
chr13,46884783,46885858,-1
chr13,47310584,47312217,-1
chr13,47367148,47369939,-1
chr13,47397122,47398796,-1
chr13,48012107,48014217,-1
chr13,48158420,48162088,-1
chr13,48383545,48384932,-1
chr13,48565958,48567063,-1
chr13,48716450,48718010,-1
chr13,48779624,48781302,-1
chr13,51220265,51222697,1
chr13,51920205,51921621,1
chr13,53463204,53464850,1
chr13,55404357,55406967,-1
chr13,55816415,55818354,-1
chr13,56159019,56161187,1
chr13,59090184,59094158,-1
chr13,60145681,60149199,1
chr13,60267007,60270395,1
chr13,63554160,63555734,-1
chr13,63568917,63569745,-1
chr13,64205082,64205636,-1
chr13,68571528,68575350,-1
chr13,72028467,72029900,-1
chr13,72264954,72266325,-1
chr13,72288438,72289483,-1
chr13,72297849,72299336,-1
chr13,72302373,72303423,-1
chr13,72305069,72305868,-1
chr13,73033139,73036183,-1
chr13,73116618,73118033,-1
chr13,73298274,73300313,-1
chr13,77396355,77397885,-1
chr13,77489934,77491150,-1
chr13,77546465,77549738,-1
chr13,77892213,77893534,-1
chr13,78323866,78325615,1
chr13,78444588,78447859,-1
chr13,78580585,78582513,-1
chr13,78600966,78603745,-1
chr13,78657999,78659031,-1
chr13,78677946,78679173,-1
chr13,78716136,78718956,-1
chr13,78799153,78800926,-1
chr13,78935866,78937115,-1
chr13,78937243,78939010,-1
chr13,79046726,79047913,-1
chr13,79136178,79138028,-1
chr13,79272750,79274245,-1
chr13,79276256,79278385,1
chr13,79344818,79346718,-1
chr13,79363795,79364869,1
chr13,79387207,79390321,-1
chr13,79550328,79551468,-1
chr13,79592241,79593126,-1
chr13,79672965,79673969,-1
chr13,79784603,79786015,-1
chr13,79999669,80001750,-1
chr13,80172719,80173904,-1
chr13,80194997,80195885,-1
chr13,80196158,80196966,-1
chr13,80235008,80236098,-1
chr13,80333813,80334641,-1
chr13,80513988,80516011,-1
chr13,80622908,80623515,-1
chr13,80756721,80758240,-1
chr13,80788038,80789708,-1
chr13,82971259,82972347,-1
chr13,83132396,83134520,-1
chr13,83523875,83524382,-1
chr13,84059504,84060616,-1
chr13,84570409,84572168,-1
chr13,84638984,84639971,-1
chr13,84751365,84753075,-1
chr13,84781785,84785966,-1
chr13,91186994,91190170,1
chr13,94595530,94597247,-1
chr13,94701861,94702913,-1
chr13,94705528,94708909,-1
chr13,94709855,94710892,-1
chr13,94816165,94818069,-1
chr13,94868896,94869433,-1
chr13,94873845,94874878,-1
chr13,105537275,105539272,-1
chr13,111345678,111346779,-1
chr13,111952900,111955571,1
chr13,111989321,111993363,-1
chr13,113243521,113248071,-1
chr13,115686619,115688040,-1
chr13,115976804,115978242,-1
chr13,116086722,116088319,-1
chr13,116278491,116280025,-1
chr13,116497242,116498254,-1
chr13,116514003,116515995,-1
chr13,116575050,116576419,-1
chr13,116632749,116634333,-1
chr13,118515838,118517025,-1
chr13,118713611,118715013,1
chr13,118735524,118737413,1
chr13,118805891,118807124,-1
chr13,118893846,118894760,-1
chr14,11775621,11779078,-1
chr14,12337474,12338440,-1
chr14,12346491,12347182,-1
chr14,12392521,12394811,-1
chr14,13770325,13771435,-1
chr14,21252003,21253228,-1
chr14,21462243,21463695,1
chr14,21853194,21853685,-1
chr14,21865850,21867377,1
chr14,21966828,21968239,-1
chr14,21990859,21991990,1
chr14,22113215,22115951,1
chr14,22457274,22458561,-1
chr14,22505360,22506121,-1
chr14,22576141,22579755,-1
chr14,22744936,22746392,-1
chr14,22780722,22784636,-1
chr14,22906034,22908415,-1
chr14,23040563,23041478,-1
chr14,23094627,23095917,-1
chr14,23400710,23402961,-1
chr14,23486013,23486602,-1
chr14,23493824,23494811,-1
chr14,23520146,23521598,-1
chr14,24616741,24620772,-1
chr14,24647084,24649277,-1
chr14,24649772,24652271,-1
chr14,24985263,24987167,1
chr14,25524623,25526558,-1
chr14,25584835,25588921,-1
chr14,27367009,27367960,-1
chr14,28501107,28502535,-1
chr14,28972335,28973646,1
chr14,31232335,31234714,-1
chr14,32598254,32599722,-1
chr14,32770675,32771522,-1
chr14,45825150,45827947,1
chr14,45943840,45945127,1
chr14,46017040,46020810,-1
chr14,46223997,46224959,-1
chr14,46247450,46249128,-1
chr14,46386734,46387665,-1
chr14,46605651,46606520,1
chr14,46610670,46611777,-1
chr14,48707510,48711185,-1
chr14,48799224,48801650,-1
chr14,48814603,48816118,-1
chr14,48852340,48856614,-1
chr14,52547407,52549170,-1
chr14,54938004,54941428,-1
chr14,54996106,54997707,-1
chr14,55003667,55004830,-1
chr14,60552726,60556031,-1
chr14,61004739,61005741,-1
chr14,63062164,63063066,-1
chr14,63206722,63207170,-1
chr14,63367789,63369845,-1
chr14,65245074,65246193,-1
chr14,65749306,65750500,1
chr14,67361025,67362565,-1
chr14,69522690,69523937,-1
chr14,69536074,69537250,-1
chr14,70634499,70635319,-1
chr14,70639991,70641194,-1
chr14,70683795,70684840,1
chr14,73233956,73236326,1
chr14,78287852,78289553,-1
chr14,89862491,89863428,-1
chr14,91108402,91109355,-1
chr14,92678515,92679505,-1
chr14,94521150,94522546,-1
chr14,97086235,97087505,1
chr14,97100876,97102241,-1
chr14,97329515,97330680,-1
chr14,97488749,97491425,-1
chr14,97537587,97538095,-1
chr14,97559884,97561752,-1
chr14,97840336,97840805,-1
chr14,98018788,98020055,-1
chr14,98046622,98048648,-1
chr14,98072482,98073981,-1
chr14,98082963,98085270,-1
chr14,98154698,98157214,-1
chr14,98422637,98423400,-1
chr14,98448375,98450139,-1
chr14,98533924,98535402,-1
chr14,98536184,98538781,-1
chr14,98683223,98684855,-1
chr14,98748098,98751239,-1
chr14,98765363,98766176,-1
chr14,98819484,98820234,-1
chr14,98830064,98831289,-1
chr14,98832300,98834612,1
chr14,98838461,98840576,-1
chr14,98894511,98895418,-1
chr14,98958352,98959867,-1
chr14,103763360,103764966,-1
chr14,104190395,104191968,-1
chr14,104297360,104298672,1
chr14,104834243,104835529,-1
chr14,105376563,105379035,1
chr14,118193836,118195430,-1
chr14,118229617,118231411,-1
chr14,118435485,118436834,-1
chr14,122253729,122258284,-1
chr15,7422224,7423664,-1
chr15,13391894,13395636,1
chr15,27783861,27785191,-1
chr15,30511450,30513962,-1
chr15,34828818,34829716,-1
chr15,35532217,35534804,1
chr15,35747988,35749219,-1
chr15,37052172,37055037,-1
chr15,40255720,40257011,-1
chr15,40354034,40356272,-1
chr15,40475259,40476782,-1
chr15,40657862,40659260,-1
chr15,40911362,40915891,-1
chr15,40923867,40924925,-1
chr15,41039704,41041015,-1
chr15,50664833,50666650,1
chr15,52334869,52335444,-1
chr15,56165722,56167474,1
chr15,60852996,60854287,1
chr15,61157637,61158731,-1
chr15,62902694,62903900,-1
chr15,63052414,63053178,1
chr15,63065702,63067611,-1
chr15,63193937,63194788,1
chr15,63339170,63341718,-1
chr15,63674092,63676818,-1
chr15,66824301,66827162,-1
chr15,67142033,67143636,-1
chr15,67245067,67247938,-1
chr15,73739611,73747146,-1
chr15,75646709,75649708,-1
chr15,75834812,75835772,-1
chr15,76402681,76404351,-1
chr15,77006899,77009163,-1
chr15,77036640,77038764,-1
chr15,77089079,77090092,-1
chr15,79163841,79164236,-1
chr15,79165517,79166323,-1
chr15,79173761,79174273,-1
chr15,79175822,79176550,-1
chr15,79208803,79209777,-1
chr15,79218952,79220098,-1
chr15,79223635,79224085,-1
chr15,79323554,79324112,-1
chr15,83523008,83524071,-1
chr15,83638828,83640718,1
chr15,84217537,84220713,-1
chr15,85464143,85464949,-1
chr15,86112646,86114946,-1
chr15,92514399,92515071,-1
chr15,99807076,99809694,-1
chr15,102694217,102694945,-1
chr15,102999797,103002958,-1
chr15,103013812,103014964,-1
chr16,5663673,5664669,-1
chr16,6366003,6367236,-1
chr16,7106399,7107046,-1
chr16,7119721,7120895,-1
chr16,7407163,7408866,-1
chr16,7520398,7521914,-1
chr16,7805277,7806470,-1
chr16,7945941,7947658,-1
chr16,8198308,8199509,-1
chr16,8223606,8224476,-1
chr16,10051118,10051975,-1
chr16,15052403,15053743,1
chr16,15054450,15055590,-1
chr16,15084592,15085708,1
chr16,15194413,15196116,-1
chr16,15294470,15296046,1
chr16,17808170,17811091,1
chr16,18554168,18557637,1
chr16,18585742,18586133,1
chr16,18593233,18593685,-1
chr16,22110016,22110705,-1
chr16,22698603,22699796,-1
chr16,23238256,23244553,-1
chr16,23502808,23507356,-1
chr16,25255379,25256208,-1
chr16,25587855,25588485,-1
chr16,29719360,29721162,-1
chr16,29882436,29884131,-1
chr16,29893116,29895809,1
chr16,30128809,30130865,-1
chr16,32568412,32570687,-1
chr16,32852084,32855869,-1
chr16,34092411,34095027,-1
chr16,35598618,35602946,-1
chr16,37812647,37815565,-1
chr16,37892144,37895218,1
chr16,42781028,42782865,-1
chr16,43080156,43080909,-1
chr16,43121973,43123557,-1
chr16,43276775,43278938,-1
chr16,44631515,44633626,-1
chr16,44676758,44681298,1
chr16,62468253,62470783,1
chr16,72685638,72688303,1
chr16,77289984,77293024,-1
chr16,77420896,77422638,-1
chr16,77635468,77638909,1
chr16,77651730,77654627,-1
chr16,85887134,85888622,-1
chr16,86837654,86839343,-1
chr16,89909485,89910340,-1
chr16,91104484,91107069,-1
chr16,91139145,91142270,-1
chr16,91290868,91293443,-1
chr16,92340534,92342015,-1
chr16,92344467,92345647,-1
chr16,92412092,92416120,-1
chr16,92427453,92430131,-1
chr16,94956955,94958478,-1
chr16,95847911,95849564,1
chr16,97007285,97008846,-1
chr17,4038923,4041381,-1
chr17,7268493,7269968,-1
chr17,9886737,9890324,-1
chr17,10049353,10054361,-1
chr17,10472540,10473972,-1
chr17,10743927,10746180,-1
chr17,11085724,11088280,-1
chr17,12203951,12205747,-1
chr17,12789717,12793070,-1
chr17,15440120,15441360,-1
chr17,26508852,26510691,-1
chr17,26811609,26815540,-1
chr17,26827896,26829166,-1
chr17,26863571,26866666,-1
chr17,28343766,28346334,-1
chr17,29433661,29435358,-1
chr17,29462413,29466116,1
chr17,30377456,30379782,-1
chr17,30548540,30552550,-1
chr17,35719853,35721785,-1
chr17,43329588,43330220,-1
chr17,44151634,44153406,-1
chr17,44296916,44302725,1
chr17,44617720,44619644,-1
chr17,44722114,44723789,-1
chr17,45325361,45328754,-1
chr17,46008888,46010190,-1
chr17,47871880,47873076,-1
chr17,47914774,47915357,-1
chr17,47988296,47991797,1
chr17,48008186,48009225,-1
chr17,48010566,48011721,-1
chr17,48057243,48058148,-1
chr17,49690781,49691948,-1
chr17,51062470,51063411,-1
chr17,51370486,51371772,-1
chr17,51536358,51537318,-1
chr17,52225510,52226530,-1
chr17,52307830,52309076,-1
chr17,52329852,52330752,-1
chr17,52459484,52461092,-1
chr17,52465120,52465827,-1
chr17,62700976,62701852,-1
chr17,62785705,62787128,-1
chr17,63171422,63173537,-1
chr17,73022163,73024151,-1
chr17,79144758,79146183,1
chr17,79223077,79228513,-1
chr17,84179514,84182025,1
chr17,85487468,85489670,-1
chr17,85526742,85530634,-1
chr17,85562620,85563333,-1
chr17,85578835,85579978,-1
chr17,87375344,87378514,-1
chr17,90695304,90698017,-1
chr18,5185222,5188225,-1
chr18,8043684,8045852,-1
chr18,9027135,9028620,-1
chr18,9146716,9148876,1
chr18,9215949,9217733,-1
chr18,10735381,10736621,-1
chr18,11077951,11078500,-1
chr18,13109017,13110286,-1
chr18,13221434,13222700,-1
chr18,13665973,13667811,-1
chr18,13703650,13705054,-1
chr18,13738222,13739462,1
chr18,13768735,13769660,-1
chr18,13786795,13788440,-1
chr18,13789608,13791298,-1
chr18,13797873,13799412,-1
chr18,13809409,13810718,-1
chr18,13811241,13812714,-1
chr18,13847776,13849408,-1
chr18,13896096,13897821,-1
chr18,14063414,14065312,-1
chr18,14305021,14306278,-1
chr18,14458160,14460150,-1
chr18,16560468,16563440,-1
chr18,16709806,16715755,-1
chr18,25240595,25241640,-1
chr18,25377370,25378646,-1
chr18,25677415,25678414,-1
chr18,25791621,25792490,-1
chr18,26196681,26197485,-1
chr18,26738357,26739389,-1
chr18,26783371,26784627,-1
chr18,27497307,27498342,-1
chr18,28161558,28162566,-1
chr18,32541944,32543241,-1
chr18,33552065,33554381,-1
chr18,34131298,34134370,-1
chr18,38803792,38805763,-1
chr18,55135918,55137168,-1
chr18,55195554,55197516,-1
chr18,55483488,55486878,-1
chr18,55505854,55508602,-1
chr18,55518917,55521029,1
chr18,56896918,56898991,-1
chr18,60904549,60907221,1
chr18,61348807,61352129,-1
chr18,61637563,61638544,-1
chr18,61651103,61654078,-1
chr18,65514203,65517793,-1
chr18,65529356,65532579,-1
chr18,67369754,67371235,-1
chr18,68058776,68059713,-1
chr18,68909329,68911841,1
chr18,69095836,69096789,-1
chr18,69124561,69125812,-1
chr18,69499162,69500798,-1
chr18,69546507,69549364,-1
chr18,69562177,69563579,-1
chr18,69606432,69610050,-1
chr18,69844648,69846013,-1
chr18,72724154,72726079,-1
chr18,73058911,73061059,-1
chr18,75501597,75505830,-1
chr18,76160386,76161964,-1
chr18,76221908,76222726,-1
chr18,76556128,76556906,-1
chr18,76573837,76574483,-1
chr18,76862704,76863724,-1
chr18,78236925,78239280,1
chr18,78266848,78268996,1
chr18,78335782,78336542,-1
chr18,78454685,78456223,-1
chr18,79047867,79051719,-1
chr18,80330119,80332361,-1
chr18,80787643,80788566,-1
chr18,80811438,80812176,-1
chr18,80818313,80819093,-1
chr18,81131479,81132547,-1
chr18,81152973,81154540,-1
chr18,81165711,81167181,-1
chr18,81455134,81455906,-1
chr18,81461114,81462251,-1
chr18,81506904,81508195,-1
chr18,81509179,81510770,-1
chr18,81851981,81853025,-1
chr18,81897382,81899437,-1
chr18,81923025,81924558,-1
chr18,82887629,82890860,-1
chr18,83452679,83453499,-1
chr18,84242069,84243226,-1
chr18,84372055,84373646,1
chr18,84413593,84415866,-1
chr18,84463339,84466318,-1
chr18,84541675,84543352,-1
chr18,84547223,84548064,1
chr19,5810096,5812698,-1
chr19,8944197,8945760,-1
chr19,10421786,10424672,-1
chr19,10659775,10663888,-1
chr19,14123242,14124630,1
chr19,14239311,14242198,-1
chr19,14506118,14508633,-1
chr19,14518113,14519084,-1
chr19,14540263,14542407,-1
chr19,14565296,14568169,-1
chr19,14658816,14660521,-1
chr19,14776717,14777987,-1
chr19,14890555,14892151,1
chr19,14939836,14941282,-1
chr19,15340183,15341551,1
chr19,15800832,15804668,-1
chr19,15835663,15838957,1
chr19,17083805,17085682,-1
chr19,20013975,20014601,-1
chr19,20035025,20035757,-1
chr19,20401244,20403310,-1
chr19,21274084,21274843,-1
chr19,24451987,24454281,-1
chr19,24945396,24946544,-1
chr19,25604027,25604976,-1
chr19,25607279,25609178,-1
chr19,26844389,26847098,-1
chr19,27904248,27905597,-1
chr19,36129039,36129586,-1
chr19,36686377,36689836,-1
chr19,37492022,37497349,-1
chr19,40375645,40378667,-1
chr19,40467416,40468695,-1
chr19,41558217,41559329,-1
chr19,44514132,44515870,-1
chr19,44630970,44633041,-1
chr19,44633644,44634226,-1
chr19,44670805,44671431,-1
chr19,44674626,44675238,-1
chr19,44698597,44700718,-1
chr19,44796521,44798014,-1
chr19,44801251,44802539,-1
chr19,45225546,45226320,-1
chr19,45342853,45343685,-1
chr19,45475437,45476961,-1
chr19,45493585,45494869,1
chr19,45734459,45735623,-1
chr19,45746901,45747683,-1
chr19,46618498,46619738,-1
chr19,47908459,47910596,-1
chr19,49127656,49128321,-1
chr19,53411035,53413469,-1
chr19,53715569,53717446,-1
chr19,55476600,55477537,-1
chr19,58371922,58373062,1
chr19,58419231,58420471,-1
chr19,59132961,59134097,-1
chr19,59134550,59135577,-1
chr19,59267128,59268278,-1
chr19,59423214,59425570,1
chr19,59465505,59466798,-1
chr19,59469921,59471302,-1
chr19,59637323,59638561,-1
chr19,59717098,59718467,1
chr19,59865706,59867187,-1
chr19,60015442,60016837,1
chr19,60203058,60204722,-1
chrX,42342577,42344283,1
chrX,43884415,43885997,-1
chrX,57709127,57710188,-1
chrX,58445416,58446561,-1
chrX,60543404,60545489,-1
chrX,60719307,60720575,-1
chrX,60743793,60745062,-1
chrX,60898977,60900244,-1
chrX,60994057,60994970,-1
chrX,69623406,69624546,-1
chrX,71700356,71701555,-1
chrX,74239971,74243274,-1
chrX,92789738,92792071,-1
chrX,93067834,93070749,-1
chrX,93106930,93109255,-1
chrX,93299509,93301048,-1
chrX,93301147,93302799,-1
chrX,93309765,93311448,-1
chrX,93376665,93378617,-1
chrX,93407743,93410585,-1
chrX,93428675,93430368,-1
chrX,93457368,93458876,-1
chrX,93496692,93498663,-1
chrX,93577818,93578340,-1
chrX,99566578,99569308,-1
chrX,101985615,101988142,-1
chrX,109626956,109627719,-1
chrX,109844933,109845709,-1
chrX,109969648,109970362,-1
chrX,110076961,110081419,-1
chrX,110318086,110319120,-1
chrX,110377387,110378071,-1
chrX,110816983,110818738,-1
